0, big estate, .glb
1, big estate - Copy,.glb
2, big estate - Copy (2),.glb
3, big estate - Copy (3),.glb
4, big estate - Copy (4),.glb
5, big estate - Copy (5),.glb
6, big estate - Copy (6),.glb
7, big estate - Copy (7),.glb
8, big estate - Copy (8),.glb
9, big estate - Copy (9),.glb
10, big estate - Copy (10),.glb
11, big estate - Copy (11),.glb
12, big estate - Copy (12),.glb
13, big estate - Copy (13),.glb
14, big estate - Copy (14),.glb
15, big estate - Copy (15),.glb
16, big estate - Copy (16),.glb
17, big estate - Copy (17),.glb
18, big estate - Copy (18),.glb
19, big estate - Copy (19),.glb
